"","x","y","Mean","Median","Var","SD","uncertainty","optional"
"2517890",39.3125,3.49583333333333,1.36699792437649e-154,8.87209224496603e-181,3.73736424842274e-307,6.11339860341426e-154,2.10843654812408e-157,TRUE
"2517891",39.3208333333333,3.49583333333333,7.02152374312749e-132,6.92545187524212e-155,9.86032638409162e-262,3.14011566412634e-131,2.97907199199926e-134,TRUE
"2517892",39.3291666666667,3.49583333333333,4.10720126702607e-129,9.87204140582452e-152,3.37380694687646e-256,1.83679257045439e-128,1.96545411313991e-131,TRUE
"2517893",39.3375,3.49583333333333,3.47720641222963e-148,1.77676237640561e-173,2.41819038657987e-294,1.55505317805529e-147,7.09857216865381e-151,TRUE
"2517894",39.3458333333333,3.49583333333333,6.42549154274657e-134,3.259545105604e-157,8.25736442912481e-266,2.87356301986311e-133,2.47894353075675e-136,TRUE
"2517895",39.3541666666667,3.49583333333333,4.47191908260145e-127,2.08387963625548e-149,3.99959286318729e-252,1.99989821320668e-126,1.96718023726444e-129,TRUE
"2517896",39.3625,3.49583333333333,1.00810753619134e-138,1.10230729909944e-162,2.03255752480397e-275,4.50838942950138e-138,3.12851306052035e-141,TRUE
"2517897",39.3708333333333,3.49583333333333,1.73545182770857e-118,1.30891514235186e-139,6.02353220605689e-235,7.76114180134398e-118,1.18020661660272e-120,TRUE
"2517898",39.3791666666667,3.49583333333333,1.61167244580666e-112,8.65203045188163e-133,5.19490374895536e-223,7.20756807040722e-112,1.48207690513344e-114,TRUE
"2517899",39.3875,3.49583333333333,1.6864666219245e-111,1.22104871850325e-131,5.68825227357329e-221,7.54205030053055e-111,1.62727116501295e-113,TRUE
"2517900",39.3958333333333,3.49583333333333,2.210157415599e-120,9.06216766258585e-142,9.7695133614823e-239,9.88408486481288e-120,1.36653935229612e-122,TRUE
"2517901",39.4041666666667,3.49583333333333,2.62282536029341e-139,2.34474258529785e-163,1.37583989010059e-276,1.17296201562565e-138,7.91519302823027e-142,TRUE
"2517902",39.4125,3.49583333333333,3.94460277990913e-145,5.40502477940443e-170,3.11197410204891e-288,1.76407882535019e-144,9.15544928408548e-148,TRUE
"2517903",39.4208333333333,3.49583333333333,1.17600728954546e-142,3.57604209945441e-167,2.76598205937576e-283,5.25926046072617e-142,3.04958249086079e-145,TRUE
"2517904",39.4291666666667,3.49583333333333,4.67617225657472e-164,1.44951190500767e-191,0,0,4.6939986978071e-167,TRUE
"2517905",39.4375,3.49583333333333,1.15655857277649e-173,1.6460519104637e-202,0,0,7.57854816881235e-177,TRUE
"2517906",39.4458333333333,3.49583333333333,6.39766553021969e-157,1.92920409079749e-183,8.18602054741134e-312,2.86112225313973e-156,8.7553134122512e-160,TRUE
"2517907",39.4541666666667,3.49583333333333,1.68953267552658e-172,3.47268648911855e-201,0,0,1.16613205540205e-175,TRUE
"2517908",39.4625,3.49583333333333,1.07682622069637e-167,1.02771674870713e-195,0,0,9.18093946573613e-171,TRUE
"2517909",39.4708333333333,3.49583333333333,1.59907192613508e-158,2.86222861355511e-185,5.11405964156138e-315,7.15126537163975e-158,2.04418019397422e-161,TRUE
"2517910",39.4791666666667,3.49583333333333,3.57133634356654e-155,1.89916849777843e-181,2.55088709769272e-308,1.59714967917623e-154,5.28978348104276e-158,TRUE
"2517911",39.4875,3.49583333333333,7.65553520352456e-153,8.65130761235737e-179,1.1721435323944e-303,3.42365817860721e-152,1.25242454858373e-155,TRUE
"2517912",39.4958333333333,3.49583333333333,1.2174970699147e-149,3.79601154004038e-175,2.96459554976002e-297,5.44480995973231e-149,2.30392717711082e-152,TRUE
"2517913",39.5041666666667,3.49583333333333,2.38396907506487e-149,8.18382173536124e-175,1.13666066104819e-296,1.06614288960167e-148,4.56454845600653e-152,TRUE
"2517914",39.5125,3.49583333333333,3.28232337631734e-157,8.99133044806624e-184,2.15472822621608e-312,1.46789925615353e-156,4.43260905715476e-160,TRUE
"2517915",39.5208333333333,3.49583333333333,1.90210144515197e-177,7.91137289483175e-207,0,0,1.0561807801472e-180,TRUE
"2517916",39.5291666666667,3.49583333333333,1.00141502350585e-184,4.06434413605126e-215,0,0,4.04001850588154e-188,TRUE
"2517917",39.5375,3.49583333333333,2.05006006812328e-160,2.01273596156901e-187,8.40548942613254e-319,9.16814562827868e-160,2.41411764866799e-163,TRUE
"2517918",39.5458333333333,3.49583333333333,2.75122105173064e-161,2.02221952310196e-188,1.51381713885758e-320,1.2303727641888e-160,3.10918640281324e-164,TRUE
"2517919",39.5541666666667,3.49583333333333,6.97771148900671e-155,4.02435638406662e-181,9.73768539366963e-308,3.12052646097892e-154,1.05076678966764e-157,TRUE
"2517920",39.5625,3.49583333333333,5.30216739796449e-146,5.41069968081104e-171,5.62258907056444e-290,2.37119992209945e-145,1.18440538314432e-148,TRUE
"2517921",39.5708333333333,3.49583333333333,9.21424803609106e-141,5.10924155999988e-165,1.69804439872631e-279,4.12073342831868e-140,2.60679667668074e-143,TRUE
"2517922",39.5791666666667,3.49583333333333,2.75700506778416e-138,3.35334955865241e-162,1.5202122243942e-274,1.23296886594683e-137,8.69332487859405e-141,TRUE
"2517923",39.5875,3.49583333333333,1.05877718645419e-137,1.54579076419813e-161,2.2420134760537e-273,4.73499047100805e-137,3.43556133936373e-140,TRUE
"2517924",39.5958333333333,3.49583333333333,5.27536860265991e-139,4.93515959976001e-163,5.56589188077048e-276,2.35921425071367e-138,1.60879960941825e-141,TRUE
"2517925",39.6041666666667,3.49583333333333,3.66876738845662e-140,2.37670282150869e-164,2.69196605341246e-278,1.64072119917202e-139,1.06029523767802e-142,TRUE
"2517926",39.6125,3.49583333333333,7.98822997315949e-138,1.05252670342679e-161,1.27623372882717e-273,3.57244136246793e-137,2.54786124047763e-140,TRUE
"2517927",39.6208333333333,3.49583333333333,2.31850275765676e-136,4.79886909114903e-160,1.07508854808283e-270,1.03686476846445e-135,7.8796381266894e-139,TRUE
"2517928",39.6291666666667,3.49583333333333,1.02562392033855e-132,6.71148485379852e-156,2.10380251297288e-263,4.58672270033068e-132,4.10348447953048e-135,TRUE
"2519700",39.1958333333333,3.4875,5.57366382567245e-146,5.36570073555131e-171,6.21313827877566e-290,2.49261675328873e-145,1.25971559824589e-148,TRUE
"2519701",39.2041666666667,3.4875,2.40244927524245e-127,9.44595986016483e-150,1.15434714802734e-252,1.07440548585129e-126,1.05427942051594e-129,TRUE
"2519702",39.2125,3.4875,3.55191734347217e-141,1.61618007090924e-165,2.52321909187637e-280,1.58846438168326e-140,9.96392331878735e-144,TRUE
"2519703",39.2208333333333,3.4875,5.10379235017574e-148,2.56256111408926e-173,5.20973393259287e-294,2.28248415823481e-147,1.05682139421455e-150,TRUE
"2519704",39.2291666666667,3.4875,5.22847950901337e-117,5.99773338014552e-138,5.46734614571882e-232,2.33823569079741e-116,3.88199497312067e-119,TRUE
"2519705",39.2375,3.4875,2.4974388272184e-111,1.75857400288153e-131,1.24742102869226e-220,1.11688004221235e-110,2.46131625117769e-113,TRUE
"2519706",39.2458333333333,3.4875,7.03582130499579e-118,5.96501492014872e-139,9.90046340850183e-234,3.14650018409372e-117,4.98110777781321e-120,TRUE
"2519707",39.2541666666667,3.4875,1.84518266846409e-118,1.28754037398729e-139,6.80933740541627e-235,8.25187094265068e-118,1.26442802582449e-120,TRUE
"2519708",39.2625,3.4875,8.88913278931785e-128,3.03842974520074e-150,1.58032669880732e-253,3.97533231165311e-127,3.77935498106065e-130,TRUE
"2519709",39.2708333333333,3.4875,2.14679914122272e-145,2.48259892749113e-170,9.21748184819478e-289,9.60077176491285e-145,4.94449511658481e-148,TRUE
"2519710",39.2791666666667,3.4875,3.17020984931114e-159,4.22881708125591e-186,2.01004521121754e-316,1.41776063255316e-158,3.94531581292952e-162,TRUE
"2519711",39.2875,3.4875,5.55821192533351e-169,3.28476669444742e-197,0,0,4.50896517571131e-172,TRUE
"2519712",39.2958333333333,3.4875,3.33665206112613e-150,8.25582825461896e-176,2.22664749360605e-298,1.49219552794064e-149,6.222698214176e-153,TRUE
"2519713",39.3041666666667,3.4875,2.59726989806541e-148,1.19438243623472e-173,1.34916084607494e-294,1.16153383337505e-147,5.27325977358687e-151,TRUE
"2519714",39.3125,3.4875,1.80225016682762e-141,7.59277175784642e-166,6.49620075096148e-281,8.05990120966844e-141,4.96458363162217e-144,TRUE
"2519715",39.3208333333333,3.4875,6.63057095447313e-119,4.15368473559486e-140,8.79281972162877e-236,2.96526891219477e-118,4.43431061525912e-121,TRUE
"2519716",39.3291666666667,3.4875,1.49360101513636e-130,2.15201043059954e-153,4.46167162455846e-259,6.67957455573217e-130,6.6822946807322e-133,TRUE
"2519717",39.3375,3.4875,4.35564228291476e-159,6.21474018520652e-186,3.79432223431804e-316,1.94790200839725e-158,5.46186663379072e-162,TRUE
"2519718",39.3458333333333,3.4875,1.99728243997556e-131,2.13670350301053e-154,7.9782472378592e-261,8.93210346886958e-131,8.55724117190413e-134,TRUE
"2519719",39.3541666666667,3.4875,2.42332043358632e-119,1.32733579831172e-140,1.17448657135042e-236,1.08373731658111e-118,1.57075890167294e-121,TRUE
"2519720",39.3625,3.4875,1.51775852213456e-122,2.87802904743985e-144,4.60715195447183e-243,6.78760042612397e-122,8.34711503738657e-125,TRUE
"2519721",39.3708333333333,3.4875,7.18656427261476e-117,8.6383168692297e-138,1.03292370505052e-231,3.21391304339511e-116,5.28705728422217e-119,TRUE
"2519722",39.3791666666667,3.4875,2.44943884144013e-111,1.8076537015607e-131,1.19993218299232e-220,1.09541416048558e-110,2.37182232393347e-113,TRUE
"2519723",39.3875,3.4875,9.32368869704823e-111,8.31813803726994e-131,1.73859648054235e-219,4.16964804335132e-110,9.31081312257732e-113,TRUE
"2519724",39.3958333333333,3.4875,4.21417735077076e-129,9.75891642214966e-152,3.55184378305395e-256,1.88463359384628e-128,1.9996283461766e-131,TRUE
"2519725",39.4041666666667,3.4875,3.76639122461807e-162,2.03540362344283e-189,2.81617418129511e-322,1.67814605481618e-161,4.10484463817025e-165,TRUE
"2519726",39.4125,3.4875,4.61943923488721e-165,9.95756374336744e-193,0,0,4.41394891575504e-168,TRUE
"2519727",39.4208333333333,3.4875,8.62391056678056e-166,1.46429268626841e-193,0,0,7.98570994761294e-169,TRUE
"2519728",39.4291666666667,3.4875,4.15448558739727e-175,3.55840274921077e-204,0,0,2.55109549657278e-178,TRUE
"2519729",39.4375,3.4875,9.69166011256479e-171,3.36009018476278e-199,0,0,7.19830973036983e-174,TRUE
"2519730",39.4458333333333,3.4875,4.56290351358005e-150,1.21111026330582e-175,4.16401401379092e-298,2.04059158426936e-149,8.44280290974879e-153,TRUE
"2519731",39.4541666666667,3.4875,2.0617874354179e-168,1.52548668220739e-196,0,0,1.69998517596745e-171,TRUE
"2519732",39.4625,3.4875,9.89625151240302e-178,3.6762779154623e-207,0,0,5.43347830868084e-181,TRUE
"2519733",39.4708333333333,3.4875,3.68121715538675e-170,1.55123163219187e-198,0,0,2.81477258259248e-173,TRUE
"2519734",39.4791666666667,3.4875,2.27626195237596e-158,4.27682697102489e-185,1.0362731914923e-314,1.0179750446314e-157,2.93255879533599e-161,TRUE
"2519735",39.4875,3.4875,5.55547738122305e-153,5.84401884616797e-179,6.17266145574614e-304,2.4844841427842e-152,9.06005220589402e-156,TRUE
"2519736",39.4958333333333,3.4875,2.21916508398803e-151,3.93111826183195e-177,9.84937953671328e-301,9.92440403082889e-151,3.88234849326653e-154,TRUE
"2519737",39.5041666666667,3.4875,2.31965152681447e-150,5.65158898956748e-176,1.0761557236955e-298,1.03737925740565e-149,4.24147473949134e-153,TRUE
"2519738",39.5125,3.4875,1.27472200247548e-156,4.16776342656072e-183,3.24983059330912e-311,5.7007285440627e-156,1.76430643402651e-159,TRUE
"2519739",39.5208333333333,3.4875,3.58259893562175e-163,1.41341933624848e-190,4.94065645841247e-324,2.22275874948508e-162,3.70910514889417e-166,TRUE
"2519740",39.5291666666667,3.4875,9.75879287294132e-163,4.43087957680821e-190,1.97626258336499e-323,4.44551749897015e-162,1.03294944053058e-165,TRUE
"2519741",39.5375,3.4875,2.1895037051281e-174,2.40302994692465e-203,0,0,1.39473793613736e-177,TRUE
"2519742",39.5458333333333,3.4875,5.02584843472294e-178,1.72088807513862e-207,0,0,2.72445651183162e-181,TRUE
"2519743",39.5541666666667,3.4875,6.62413453320449e-164,2.10692503366452e-191,0,0,6.70140594570707e-167,TRUE
"2519744",39.5625,3.4875,7.4624919415428e-146,7.83009738788439e-171,1.11377436754215e-289,3.33732582697907e-145,1.68100802562944e-148,TRUE
"2519745",39.5708333333333,3.4875,1.29681037685073e-140,7.41137864931965e-165,3.36342841374873e-279,5.79950723229891e-140,3.69601793534866e-143,TRUE
"2519746",39.5791666666667,3.4875,5.40011824189979e-138,7.15884690989267e-162,5.83224319087899e-274,2.4150037662246e-137,1.73289083829209e-140,TRUE
"2519747",39.5875,3.4875,1.55678180283155e-136,3.33854037068357e-160,4.84712775312946e-271,6.96213168011742e-136,5.31874541019727e-139,TRUE
"2519748",39.5958333333333,3.4875,1.58290912782261e-136,3.27042069997643e-160,5.01119078047735e-271,7.07897646590053e-136,5.39469000655203e-139,TRUE
"2519749",39.6041666666667,3.4875,3.15638112583692e-136,7.15312544922661e-160,1.99254368963669e-270,1.41157489692779e-135,1.08380754659932e-138,TRUE
"2519750",39.6125,3.4875,2.50589090350892e-134,1.01409997471803e-157,1.25589450712754e-266,1.12066699207549e-133,9.34371536361793e-137,TRUE
"2519751",39.6208333333333,3.4875,1.99048222680495e-132,1.45873207724497e-155,7.92401483471069e-263,8.9016935662326e-132,8.05633839945857e-135,TRUE
"2521529",39.2375,3.47916666666667,3.83076544042402e-110,3.81467265105863e-130,2.93490477722128e-218,1.7131563785076e-109,3.99349027069107e-112,TRUE
"2521530",39.2458333333333,3.47916666666667,1.07815769699792e-116,1.26586647881373e-137,2.32482486009254e-231,4.82164376545234e-116,8.08986829973534e-119,TRUE
"2521531",39.2541666666667,3.47916666666667,4.7665034973099e-128,1.38211334619642e-150,4.54389175156977e-254,2.13164062439469e-127,2.0013239632891e-130,TRUE
"2521532",39.2625,3.47916666666667,6.55275491421266e-136,1.5005671218005e-159,8.58769824440443e-270,2.93047747720477e-135,2.29251827074174e-138,TRUE
"2521533",39.2708333333333,3.47916666666667,5.02201162827749e-142,1.6110829463211e-166,5.04411243156124e-282,2.2459101566094e-141,1.33549576085846e-144,TRUE
"2521534",39.2791666666667,3.47916666666667,1.12633142665889e-153,8.44495563240161e-180,2.5372432929583e-305,5.03710561032653e-153,1.78838614598344e-156,TRUE
"2521535",39.2875,3.47916666666667,2.19669584526872e-153,1.82129855377284e-179,9.65093870570871e-305,9.82391912920129e-153,3.53057494370108e-156,TRUE
"2521536",39.2958333333333,3.47916666666667,7.81410098787933e-124,9.2832434536271e-146,1.22119638980276e-245,3.49456204667016e-123,4.068282746808e-126,TRUE
"2521537",39.3041666666667,3.47916666666667,7.58376188253181e-117,8.72018388532927e-138,1.15025774554159e-231,3.39154499534002e-116,5.62031401710187e-119,TRUE
"2521538",39.3125,3.47916666666667,4.22522991325733e-115,8.47794086350024e-136,3.5704730598454e-228,1.88956954353244e-114,3.41576256663776e-117,TRUE
"2521539",39.3208333333333,3.47916666666667,8.59588379687228e-114,2.66393414794297e-134,1.47776624042139e-225,3.84417252529252e-113,7.42758849703296e-116,TRUE
"2521540",39.3291666666667,3.47916666666667,2.55246578338909e-134,1.00537589559437e-157,1.30301274243194e-266,1.14149583548602e-133,9.58687845269738e-137,TRUE
"2521541",39.3375,3.47916666666667,1.68408308502028e-151,2.60728877727679e-177,5.67226723820979e-301,7.53144557054606e-151,2.94141507798228e-154,TRUE
"2521542",39.3458333333333,3.47916666666667,6.19300325920794e-129,1.42245479235081e-151,7.67062702825794e-256,2.76958968590258e-128,2.95463133496507e-131,TRUE
"2521543",39.3541666666667,3.47916666666667,4.19227793107652e-115,8.47300679091647e-136,3.51500042731657e-228,1.87483343988648e-114,3.35789701173189e-117,TRUE
"2521544",39.3625,3.47916666666667,5.58737288212422e-116,8.67761095713321e-137,6.24368292203049e-230,2.49873626500087e-115,4.28530995794454e-118,TRUE
"2521545",39.3708333333333,3.47916666666667,4.538986954861e-113,1.81782433112382e-133,4.12042681331731e-224,2.0298834482101e-112,4.03401736045407e-115,TRUE
"2521546",39.3791666666667,3.47916666666667,7.57426246839061e-109,1.18956409707465e-128,1.14736848757261e-215,3.3872828160232e-108,8.27637106737114e-111,TRUE
"2521547",39.3875,3.47916666666667,1.41049967290931e-109,1.76563978226379e-129,3.97895202788425e-217,6.30789348981437e-109,1.48828990575893e-111,TRUE
"2521548",39.3958333333333,3.47916666666667,2.17597038043724e-122,4.15175921148781e-144,9.46963206989608e-243,9.73120345584043e-122,1.20087124161343e-124,TRUE
"2521549",39.4041666666667,3.47916666666667,9.66803164632728e-149,3.71885795888444e-174,1.86941493753539e-295,4.3236731346569e-148,1.89179348590775e-151,TRUE
"2521550",39.4125,3.47916666666667,2.74667228218737e-147,1.72557299119291e-172,1.50884009074657e-292,1.22834852169349e-146,5.74694936357844e-150,TRUE
"2521551",39.4208333333333,3.47916666666667,7.04521770373201e-156,2.75007255468118e-182,9.92701292387982e-310,3.15071625569168e-155,1.00767818573431e-158,TRUE
"2521552",39.4291666666667,3.47916666666667,8.85014429511475e-166,1.43683171824356e-193,0,0,8.18289799708795e-169,TRUE
"2521553",39.4375,3.47916666666667,5.55090327553454e-169,3.23766324362004e-197,0,0,4.44673288399186e-172,TRUE
"2521554",39.4458333333333,3.47916666666667,7.47330303469186e-147,5.36422624789118e-172,1.11700394118306e-291,3.34216088957886e-146,1.58940366514141e-149,TRUE
"2521555",39.4541666666667,3.47916666666667,1.09792266916141e-160,9.33059131978047e-188,2.41084272544695e-319,4.9100333251893e-160,1.26967289533683e-163,TRUE
"2521556",39.4625,3.47916666666667,7.56174554080742e-177,3.61773012442875e-206,0,0,4.30781699472083e-180,TRUE
"2521557",39.4708333333333,3.47916666666667,2.29700475223905e-166,3.16567556596943e-194,0,0,2.06825123743557e-169,TRUE
"2521558",39.4791666666667,3.47916666666667,3.40169796260313e-157,8.75523919083052e-184,2.31430862495285e-312,1.52128518856684e-156,4.59728356158286e-160,TRUE
"2521559",39.4875,3.47916666666667,9.67398612293346e-156,4.07023909931715e-182,1.87171904532772e-309,4.32633684001572e-155,1.39818270199538e-158,TRUE
"2521560",39.4958333333333,3.47916666666667,7.55095146693923e-154,5.95261288874144e-180,1.14033658388267e-305,3.37688700415438e-153,1.1852385257205e-156,TRUE
"2521561",39.5041666666667,3.47916666666667,3.02062024619164e-152,3.88640539172868e-178,1.82482797670061e-302,1.35086193843065e-151,5.07345354875066e-155,TRUE
"2521562",39.5125,3.47916666666667,2.76633306770161e-154,1.84475916853838e-180,1.53051875687272e-306,1.23714136495096e-153,4.23751821290481e-157,TRUE
"2521563",39.5208333333333,3.47916666666667,2.3171391183928e-158,4.19698118179771e-185,1.0738262294442e-314,1.03625587064402e-157,2.9622415389652e-161,TRUE
"2521564",39.5291666666667,3.47916666666667,1.85234172689705e-163,6.60943456697177e-191,0,0,1.89529303802761e-166,TRUE
"2521565",39.5375,3.47916666666667,9.1016046990629e-180,1.74721036307122e-209,0,0,4.57436808176426e-183,TRUE
"2521566",39.5458333333333,3.47916666666667,2.05566669432572e-168,1.50461610256058e-196,0,0,1.70443563947585e-171,TRUE
"2521567",39.5541666666667,3.47916666666667,1.18569882496541e-150,2.63715463323242e-176,2.81176103748005e-299,5.30260411258474e-150,2.15271393552377e-153,TRUE
"2521568",39.5625,3.47916666666667,1.09927983634474e-144,1.66150666584851e-169,2.41682917456591e-287,4.91612568448561e-144,2.60876472235435e-147,TRUE
"2521569",39.5708333333333,3.47916666666667,1.82964250756713e-140,1.10312183017409e-164,6.69517147545693e-279,8.18240274947214e-140,5.24036611900582e-143,TRUE
"2521570",39.5791666666667,3.47916666666667,7.61382084408426e-138,1.06777159862886e-161,1.15940284653655e-273,3.40500050886421e-137,2.4544118140252e-140,TRUE
"2521571",39.5875,3.47916666666667,2.28240412432268e-135,6.90998111847052e-159,1.04187107086632e-268,1.0207208584458e-134,8.23451239183548e-138,TRUE
"2521572",39.5958333333333,3.47916666666667,3.39188102834518e-134,1.49561253998862e-157,2.30096504974759e-266,1.51689322292229e-133,1.28554390518884e-136,TRUE
"2521573",39.6041666666667,3.47916666666667,4.83752466178866e-134,2.16180822637021e-157,4.680315856165e-266,2.16340376632865e-133,1.83496011963666e-136,TRUE
"2521574",39.6125,3.47916666666667,5.15591815345695e-133,3.11403016398239e-156,5.31668270810607e-264,2.30579329257982e-132,2.03555473132114e-135,TRUE
"2523361",39.3041666666667,3.47083333333333,1.44257308033937e-110,1.21268784960559e-130,4.16197052730512e-219,6.45133360422876e-110,1.45887261011747e-112,TRUE
"2523362",39.3125,3.47083333333333,3.76179421964659e-111,2.5976519238252e-131,2.83017772733587e-220,1.68231320726429e-110,3.69133490472292e-113,TRUE
"2523363",39.3208333333333,3.47083333333333,8.20854407637795e-116,1.2449644424619e-136,1.34758976513863e-229,3.67095323470434e-115,6.38557100631004e-118,TRUE
"2523364",39.3291666666667,3.47083333333333,1.90741745266821e-134,6.80433135360158e-158,7.27646347480826e-267,8.53021891560132e-134,7.06225082022802e-137,TRUE
"2523365",39.3375,3.47083333333333,2.30042865561607e-122,4.15160766193144e-144,1.05838778692893e-242,1.02877975627873e-121,1.2772615839688e-124,TRUE
"2523366",39.3458333333333,3.47083333333333,9.29154670945377e-113,3.85611646052068e-133,1.72663412206525e-223,4.15527871756546e-112,8.3844021697557e-115,TRUE
"2523367",39.3541666666667,3.47083333333333,3.70836863312143e-111,2.5447962672332e-131,2.75035938014902e-220,1.65842074882975e-110,3.61250431416438e-113,TRUE
"2523368",39.3625,3.47083333333333,4.51181846239687e-114,1.21319859227084e-134,4.07125388409248e-226,2.01773483988667e-113,3.81002306134351e-116,TRUE
"2523369",39.3708333333333,3.47083333333333,1.96616239763135e-110,1.77339151263359e-130,7.73147058670501e-219,8.79287813329914e-110,1.98502211270129e-112,TRUE
"2523370",39.3791666666667,3.47083333333333,1.14736208100656e-107,2.52031092501335e-127,2.63282944379302e-213,5.1311104488142e-107,1.32376040101562e-109,TRUE
"2523371",39.3875,3.47083333333333,8.1594138243848e-108,1.75532849696261e-127,1.3314956586973e-213,3.64896650943428e-107,9.35868556120086e-110,TRUE
"2523372",39.3958333333333,3.47083333333333,9.13159052863945e-113,3.8185463770605e-133,1.66769707570497e-223,4.0837446978294e-112,8.16970416506872e-115,TRUE
"2523373",39.4041666666667,3.47083333333333,1.79871198513345e-127,6.51085548405312e-150,6.47070108429863e-253,8.04406680995293e-127,7.63433433408277e-130,TRUE
"2523374",39.4125,3.47083333333333,4.09419823594225e-131,4.58034142974707e-154,3.35248050108897e-260,1.8309780176422e-130,1.75724557371245e-133,TRUE
"2523375",39.4208333333333,3.47083333333333,4.50467337181512e-144,7.55832235415926e-169,4.05841103102529e-286,2.01454983334374e-143,1.08292073065287e-146,TRUE
"2523376",39.4291666666667,3.47083333333333,1.57426697526914e-145,1.66470519982866e-170,4.95662712363189e-289,7.04033175612619e-145,3.54287300717292e-148,TRUE
"2523377",39.4375,3.47083333333333,6.61977946997191e-158,1.30770537161551e-184,8.764291733485e-314,2.96045464979368e-157,8.60825145488005e-161,TRUE
"2523378",39.4458333333333,3.47083333333333,5.09720786338798e-141,2.3115883929994e-165,5.19629690024353e-280,2.27953874725646e-140,1.40411706861159e-143,TRUE
"2523379",39.4541666666667,3.47083333333333,4.43681999567774e-144,7.59141003506432e-169,3.93706909661359e-286,1.98420490288014e-143,1.07072795330039e-146,TRUE
"2523380",39.4625,3.47083333333333,4.79921141307752e-165,9.708583888215e-193,0,0,4.57924468038379e-168,TRUE
"2523381",39.4708333333333,3.47083333333333,6.97903255422924e-164,2.07927041207113e-191,0,0,7.02351273777788e-167,TRUE
"2523382",39.4791666666667,3.47083333333333,2.07869134733339e-161,1.36446934016151e-188,8.6412081457634e-321,9.29580988712839e-161,2.33188428014157e-164,TRUE
"2523383",39.4875,3.47083333333333,5.67636106954419e-161,4.3493258010648e-188,6.44409821870738e-320,2.53852284187229e-160,6.4806251245278e-164,TRUE
"2523384",39.4958333333333,3.47083333333333,1.61651071614321e-159,1.98737043395904e-186,5.22621157973933e-317,7.22925416605291e-159,1.96868623047834e-162,TRUE
"2523385",39.5041666666667,3.47083333333333,2.10927219634782e-153,1.84125471605679e-179,8.89805234989986e-305,9.43294882308807e-153,3.35006197268825e-156,TRUE
"2523386",39.5125,3.47083333333333,7.69600824301822e-154,5.85640226075071e-180,1.18457007066142e-305,3.44175837423462e-153,1.19858062171567e-156,TRUE
"2523387",39.5208333333333,3.47083333333333,1.57867363646967e-167,1.4731620868333e-195,0,0,1.34890156766161e-170,TRUE
"2523388",39.5291666666667,3.47083333333333,2.81211055326008e-169,1.52130976307708e-197,0,0,2.23029659745299e-172,TRUE
"2523389",39.5375,3.47083333333333,7.09346243219506e-163,3.03270737267952e-190,9.88131291682493e-324,3.14345556940526e-162,7.50612604252024e-166,TRUE
"2523390",39.5458333333333,3.47083333333333,2.70767460384352e-162,1.38807570826867e-189,1.48219693752374e-322,1.21745510698495e-161,2.93558493090795e-165,TRUE
"2523391",39.5541666666667,3.47083333333333,2.3652962230775e-165,4.5362639763435e-193,0,0,8.87691891216962e-147,TRUE
"2523392",39.5625,3.47083333333333,2.89789268776769e-145,3.64879146684164e-170,1.67955428574308e-288,1.29597619026859e-144,8.47443868639755e-126,TRUE
"2523393",39.5708333333333,3.47083333333333,9.83760618885644e-140,7.24722779173859e-164,1.93556625278951e-277,4.39950707783214e-139,2.75624383615684e-122,TRUE
"2523394",39.5791666666667,3.47083333333333,2.92902980890851e-137,4.8980856047777e-161,1.71583932632875e-272,1.30990050245381e-136,9.44665157882606e-127,TRUE
"2523395",39.5875,3.47083333333333,3.2194679616484e-135,1.01097570997832e-158,2.07298936899432e-268,1.43978795973377e-134,4.55496394223105e-115,TRUE
"2523396",39.5958333333333,3.47083333333333,2.54965607226531e-133,1.48371738343951e-156,1.30014538057676e-264,1.14023917691718e-132,9.09262830282072e-105,TRUE
"2523397",39.6041666666667,3.47083333333333,1.94102711297835e-132,1.44109240431278e-155,7.53514837336216e-263,8.68052324077423e-132,1.59155652296444e-105,TRUE
"2525187",39.3208333333333,3.4625,1.98593304976277e-134,6.71022818090896e-158,7.88783978085042e-267,8.88135112516695e-134,4.18990766165121e-112,TRUE
"2525188",39.3291666666667,3.4625,6.01299505624119e-124,6.15637206128527e-146,7.23118221730354e-246,2.68908575863685e-123,1.20419057380692e-98,TRUE
"2525189",39.3375,3.4625,3.11159279936597e-116,3.87126985814461e-137,1.93638282533896e-230,1.39153973185783e-115,3.51886281373873e-89,TRUE
"2525190",39.3458333333333,3.4625,3.01229587943129e-109,3.72227204941519e-129,1.81475528528313e-216,1.34712853331935e-108,1.77440451244182e-85,TRUE
"2525191",39.3541666666667,3.4625,4.19690204220233e-109,5.53113891687037e-129,3.52273708660884e-216,1.87689559821766e-108,1.16711851167522e-87,TRUE
"2525192",39.3625,3.4625,5.35030803237782e-111,3.82136794990818e-131,5.72507461626133e-220,2.39271281524995e-110,8.18116074484707e-90,TRUE
"2525193",39.3708333333333,3.4625,1.78730263460245e-113,5.56818852593856e-134,6.38882530124283e-225,7.99301276193328e-113,2.45466648463264e-90,TRUE
"2525194",39.3791666666667,3.4625,8.87851693926309e-107,2.55209124257321e-126,1.57652971985816e-211,3.97055376472623e-106,2.8637644353768e-82,TRUE
"2525195",39.3875,3.4625,8.83796734782974e-107,2.53890017501898e-126,1.56216272807826e-211,3.95242043320073e-106,9.73133063976884e-91,TRUE
"2525196",39.3958333333333,3.4625,1.84483109675265e-112,8.2671625912635e-133,6.80671375587959e-223,8.25028105938191e-112,4.65967707370294e-89,TRUE
"2525197",39.4041666666667,3.4625,1.93865996616397e-126,9.26149308974053e-149,7.51676960027427e-251,8.66993056504738e-126,8.84507142503527e-104,TRUE
"2525198",39.4125,3.4625,2.19342320001518e-123,2.86714473190339e-145,9.62215443048345e-245,9.80925809145801e-123,4.73059642732513e-109,TRUE
"2525199",39.4208333333333,3.4625,5.39182033128807e-133,3.14198862325676e-156,5.81432810488795e-264,2.41129179173487e-132,1.07755856393446e-116,TRUE
"2525200",39.4291666666667,3.4625,4.70661238562211e-136,1.01647879997632e-159,4.43042941517182e-270,2.10485852616555e-135,3.28928172356156e-124,TRUE
"2525201",39.4375,3.4625,1.47391524941554e-147,7.8689043102056e-173,4.34484779107749e-293,6.59154594240038e-147,2.27260975335137e-133,TRUE
"2525202",39.4458333333333,3.4625,1.72577907135266e-128,4.3473485600615e-151,5.95660198016974e-255,7.71790255196951e-128,1.92597404629455e-101,TRUE
"2525203",39.4541666666667,3.4625,6.07813828421543e-145,7.6247103362986e-170,7.38874387870296e-288,2.71822439815093e-144,1.48793207287136e-124,TRUE
"2525204",39.4625,3.4625,8.39686602087377e-168,6.81016638394229e-196,0,0,4.86320122030913e-145,TRUE
"2525205",39.4708333333333,3.4625,1.0716743091548e-169,4.73017016119634e-198,0,0,2.02835403605731e-152,TRUE
"2525206",39.4791666666667,3.4625,1.70704522007205e-166,2.12296229936442e-194,0,0,2.12559470558454e-145,TRUE
"2525207",39.4875,3.4625,4.25922131502013e-168,3.19584031224283e-196,0,0,3.68653016549241e-143,TRUE
"2525208",39.4958333333333,3.4625,8.57230530725918e-152,1.22824746357665e-177,1.4696872399289e-301,3.83365001001514e-151,2.83910117229193e-135,TRUE
"2525209",39.5041666666667,3.4625,5.45529715202905e-147,3.64023844255039e-172,5.95204707161943e-292,2.43968175621728e-146,5.58825440328301e-131,TRUE
"2525210",39.5125,3.4625,4.37210579440423e-152,5.62064246525346e-178,3.82305897978948e-302,1.95526442707616e-151,5.03440263932101e-138,TRUE
"2525211",39.5208333333333,3.4625,3.000366346106e-168,2.16948842510576e-196,0,0,4.88577825684999e-157,TRUE
"2525212",39.5291666666667,3.4625,1.98471923929218e-162,9.41112001439192e-190,7.90505033345994e-323,8.89103499794031e-162,1.18636495146196e-143,TRUE
"2525213",39.5375,3.4625,1.04039615597327e-146,7.90639677634214e-172,2.16484590574989e-291,4.6527904592297e-146,4.53890093264684e-136,TRUE
"2525214",39.5458333333333,3.4625,3.22004898153749e-143,7.63440443860902e-168,2.07374004058813e-284,1.44004862438326e-142,3.01396760838871e-127,TRUE
"2525215",39.5541666666667,3.4625,4.12348017962946e-145,5.31575193028877e-170,3.40061355565819e-288,1.8440752575907e-144,1.00743269489972e-134,TRUE
"2525216",39.5625,3.4625,2.50151056066763e-141,1.09920654339202e-165,1.2515089378435e-280,1.11870860273956e-140,4.79167033955807e-132,TRUE
"2525217",39.5708333333333,3.4625,5.54636990440953e-138,7.21326451461909e-162,6.15243095028492e-274,2.48040943198596e-137,3.34734303845879e-117,TRUE
"2525218",39.5791666666667,3.4625,8.43004244656507e-136,2.25566114078492e-159,1.42130887075281e-269,3.77002502744055e-135,7.48315575377525e-110,TRUE
"2525219",39.5875,3.4625,1.73277458640645e-134,6.93816377772297e-158,6.00499905122605e-267,7.74919289424779e-134,1.11668740073948e-109,TRUE
"2525220",39.5958333333333,3.4625,3.59196344817526e-133,2.16875877067684e-156,2.58043265660619e-264,1.60637251489379e-132,2.466622188421e-109,TRUE
"2527012",39.3291666666667,3.45416666666667,2.54489934240281e-114,5.56774258730039e-135,1.29528797997787e-226,1.13810719177847e-113,2.34498465764155e-89,TRUE
"2527013",39.3375,3.45416666666667,2.21605052376656e-117,1.81312294881441e-138,9.82166962043825e-233,9.91043370415152e-117,1.73104343390537e-89,TRUE
"2527014",39.3458333333333,3.45416666666667,6.705608180874e-107,1.70262755673193e-126,8.99286343864141e-212,2.99881033722398e-106,1.78046682128122e-81,TRUE
"2527015",39.3541666666667,3.45416666666667,3.40405557313877e-107,8.01977235598046e-127,2.31747459137939e-212,1.52232538945502e-106,1.6510003944825e-85,TRUE
"2527016",39.3625,3.45416666666667,1.65632974717654e-108,2.53490035886238e-128,5.48676164776647e-215,7.40726781463076e-108,3.61241321673626e-88,TRUE
"2527017",39.3708333333333,3.45416666666667,8.41770340809704e-109,1.17933564419005e-128,1.41713095401821e-215,3.7644799827044e-108,6.7404426858115e-95,TRUE
"2527018",39.3791666666667,3.45416666666667,3.50938656248282e-106,1.17930398620853e-125,2.46310763833527e-210,1.56942908037772e-105,6.66942725532352e-89,TRUE
"2527019",39.3875,3.45416666666667,1.33251343354135e-105,5.37153012055134e-125,3.55110802740745e-209,5.95911740730743e-105,1.34645948417134e-90,TRUE
"2527020",39.3958333333333,3.45416666666667,3.18476957170158e-108,5.38004945150306e-128,2.02851575579174e-214,1.42425972202816e-107,3.26651091993543e-95,TRUE
"2527021",39.4041666666667,3.45416666666667,7.80596669206443e-118,5.83666963676779e-139,1.2186517953104e-233,3.49091935643091e-117,2.22907993832038e-99,TRUE
"2527022",39.4125,3.45416666666667,1.38440768092884e-119,5.90472494786995e-141,3.83314010798617e-237,6.19123582815755e-119,7.85666478709235e-94,TRUE
"2527023",39.4208333333333,3.45416666666667,5.6509643388981e-125,4.21086414056451e-147,6.38664585723304e-248,2.52718140568362e-124,9.11813501341463e-98,TRUE
"2527024",39.4291666666667,3.45416666666667,3.67241567445689e-127,1.3812847327979e-149,2.69731522048631e-252,1.64235051693794e-126,1.84956834393617e-101,TRUE
"2527025",39.4375,3.45416666666667,4.20363878543997e-139,3.26641630436605e-163,3.53410928089419e-276,1.87992267949886e-138,6.22839990417748e-117,TRUE
"2527026",39.4458333333333,3.45416666666667,8.07509372530981e-124,8.83443030517525e-146,1.3041351202634e-245,3.61128110268835e-123,4.75065369785916e-97,TRUE
"2527027",39.4541666666667,3.45416666666667,6.41881924545576e-152,8.21870862826546e-178,8.24024188342043e-302,2.87058215061343e-151,3.87676476705805e-134,TRUE
"2527028",39.4625,3.45416666666667,5.04123762420276e-165,9.55988241272359e-193,0,0,1.07116719309867e-151,TRUE
"2527029",39.4708333333333,3.45416666666667,9.11421239320283e-159,1.3064633916465e-185,1.66137659786545e-315,4.07599877068854e-158,5.83222101147747e-145,TRUE
"2527030",39.4791666666667,3.45416666666667,1.94020742807396e-156,5.92695535156392e-183,7.52880572313698e-311,8.67686909151969e-156,8.4308273052683e-149,TRUE
"2527031",39.4875,3.45416666666667,1.94644632647413e-171,4.86513784827805e-200,0,0,4.0572563076327e-164,TRUE
"2527032",39.4958333333333,3.45416666666667,3.70389231776989e-141,1.58294903147757e-165,2.74375904552374e-280,1.65642960777805e-140,6.54652713366721e-131,TRUE
"2527033",39.5041666666667,3.45416666666667,4.81409970629385e-135,1.4785415187598e-158,4.63509933106736e-268,2.15292808311549e-134,2.24424650520612e-118,TRUE
"2527034",39.5125,3.45416666666667,5.60334468602851e-139,4.95344806349351e-163,6.27948213854033e-276,2.50588949048842e-138,6.45212942948553e-124,TRUE
"2527035",39.5208333333333,3.45416666666667,1.83399510146133e-149,5.4552357726228e-175,6.72707002598761e-297,8.20187175343995e-149,3.10951439480673e-124,TRUE
"2527036",39.5291666666667,3.45416666666667,3.97555261645404e-177,1.66939679562697e-206,0,0,1.02623157814287e-160,TRUE
"2527037",39.5375,3.45416666666667,2.41671650603567e-150,5.59622654628159e-176,1.16810273597823e-298,1.08078801620773e-149,9.77043353534581e-126,TRUE
"2527038",39.5458333333333,3.45416666666667,1.62682036670098e-136,3.23773857769832e-160,5.29307686896971e-271,7.2753535096033e-136,3.62453123374699e-117,TRUE
"2527039",39.5541666666667,3.45416666666667,1.97755794095088e-139,1.55528831721391e-163,7.82145609547525e-277,8.84389964635242e-139,5.26824545091578e-122,TRUE
"2527040",39.5625,3.45416666666667,1.10185798415358e-137,1.55253931448268e-161,2.42817686208566e-273,4.92765345989921e-137,1.60891210474942e-121,TRUE
"2527041",39.5708333333333,3.45416666666667,3.11675460146005e-136,7.0415245662888e-160,1.94282718122122e-270,1.39385335714386e-135,6.34547205389655e-127,TRUE
"2527042",39.5791666666667,3.45416666666667,6.33317219910865e-135,2.18705225300356e-158,8.02179280081467e-268,2.8322769640017e-134,5.10641090066909e-125,TRUE
"2527043",39.5875,3.45416666666667,1.29994274166643e-133,6.86187938509204e-157,3.37969238296895e-265,5.81351217679033e-133,1.34492731476666e-123,TRUE
"2528836",39.3291666666667,3.44583333333333,2.36153645370076e-109,2.49596519808617e-129,1.11535272058352e-216,1.05610260892752e-108,1.27527588008272e-91,TRUE
"2528837",39.3375,3.44583333333333,1.96085164451093e-113,5.48457469462931e-134,7.68978854843603e-225,8.76914394250433e-113,2.70677384395612e-96,TRUE
"2528838",39.3458333333333,3.44583333333333,2.76948187379507e-105,1.15099470070159e-124,1.53397254452669e-208,1.23853645264348e-104,3.73657569844894e-77,TRUE
"2528839",39.3541666666667,3.44583333333333,1.97132807248601e-105,7.88120074745072e-125,7.77210158028127e-209,8.81595234803437e-105,1.47597828079445e-82,TRUE
"2528840",39.3625,3.44583333333333,7.50022818435934e-105,3.6559461843785e-124,1.12504298953098e-207,3.35416605064654e-104,2.81549579119614e-79,TRUE
"2528841",39.3708333333333,3.44583333333333,2.72961354742772e-105,1.15436585772886e-124,1.49012552845152e-208,1.22070697894766e-104,1.08216098344298e-83,TRUE
"2528842",39.3791666666667,3.44583333333333,1.9383706865681e-105,7.89060462796508e-125,7.51439976176537e-209,8.66856375748911e-105,5.59192696363966e-84,TRUE
"2528843",39.3875,3.44583333333333,1.03227692564295e-104,5.29053415521916e-124,2.13114270638271e-207,4.61643012118965e-104,6.64417042683376e-91,TRUE
"2528844",39.3958333333333,3.44583333333333,3.75271086556467e-105,1.69751634166807e-124,2.81650634023865e-208,1.67824501793947e-104,1.56118724460213e-92,TRUE
"2528845",39.4041666666667,3.44583333333333,4.5490000735989e-108,7.89221161347953e-128,4.13860431871391e-214,2.03435599606212e-107,7.90629443353052e-96,TRUE
"2528846",39.4125,3.44583333333333,1.03594502344031e-111,5.56518354010951e-132,2.14633538804606e-221,4.63285590974515e-111,3.61061430593004e-99,TRUE
"2528847",39.4208333333333,3.44583333333333,5.76362719523811e-110,5.42336465690419e-130,6.64377393310589e-218,2.57755192636461e-109,8.01339176227026e-93,TRUE
"2528848",39.4291666666667,3.44583333333333,3.22603522025942e-123,4.07046987345784e-145,2.08144832809532e-244,1.44272254023264e-122,2.25930968947373e-102,TRUE
"2528849",39.4375,3.44583333333333,7.86183297541075e-133,4.52790703872563e-156,1.2361647902524e-263,3.51591352318626e-132,2.04244955585052e-111,TRUE
"2528850",39.4458333333333,3.44583333333333,2.58792409844294e-120,8.71343411958117e-142,1.3394604033899e-238,1.15735059657387e-119,7.36069120420554e-103,TRUE
"2528851",39.4541666666667,3.44583333333333,5.22875445896136e-142,1.57206281184898e-166,5.46796634867864e-282,2.3383683090306e-141,4.00341735128112e-123,TRUE
"2528852",39.4625,3.44583333333333,1.28207676735548e-151,1.74718730786327e-177,3.28743920358182e-301,5.73361945334866e-151,2.55214910301102e-137,TRUE
"2528853",39.4708333333333,3.44583333333333,1.78177993784522e-151,2.56120791852972e-177,6.34947468044888e-301,7.96835910363538e-151,5.00425527071413e-137,TRUE
"2528854",39.4791666666667,3.44583333333333,1.43870504786821e-148,5.29561916831969e-174,4.13974048821267e-295,6.43408151037323e-148,1.98814626019864e-141,TRUE
"2528855",39.4875,3.44583333333333,6.18910767657216e-168,4.65049347737584e-196,0,0,5.44265524282339e-162,TRUE
"2528856",39.4958333333333,3.44583333333333,3.94096262559541e-140,2.31622534333332e-164,3.10623188246433e-278,1.76245053333826e-139,2.54958625299536e-132,TRUE
"2528857",39.5041666666667,3.44583333333333,3.26839664145525e-129,6.4873876513441e-152,2.13647483649352e-256,1.46166851115207e-128,1.8649995501672e-112,TRUE
"2528858",39.5125,3.44583333333333,1.13625705694926e-130,1.42168600713476e-153,2.58215111658963e-259,5.08148710181343e-130,1.34073604432296e-113,TRUE
"2528859",39.5208333333333,3.44583333333333,4.50812997460586e-129,9.63031646332201e-152,4.06463097365398e-256,2.01609299727319e-128,1.26381426486673e-109,TRUE
"2528860",39.5291666666667,3.44583333333333,8.43737414257972e-145,1.12079256087618e-169,1.42378384774636e-287,3.77330604079017e-144,6.67662622399118e-131,TRUE
"2528861",39.5375,3.44583333333333,3.02547045472425e-130,4.46100987536376e-153,1.8306876304482e-258,1.35302905750327e-129,1.49823441182887e-116,TRUE
"2528862",39.5458333333333,3.44583333333333,2.66974998392793e-125,1.99416167222763e-147,1.42550534446378e-248,1.19394528537273e-124,6.5060538267558e-110,TRUE
"2528863",39.5541666666667,3.44583333333333,1.39127315167658e-132,9.93609564644825e-156,3.87126996346998e-263,6.22195304021975e-132,6.46064684838481e-124,TRUE
"2528864",39.5625,3.44583333333333,9.06504245204233e-135,3.22411960501112e-158,1.64349546617093e-267,4.05400476833825e-134,2.38542576294946e-126,TRUE
"2528865",39.5708333333333,3.44583333333333,6.42238363312717e-135,2.20739506671713e-158,8.24938047025626e-268,2.87217347495869e-134,1.4952726377173e-126,TRUE
"2528866",39.5791666666667,3.44583333333333,6.65540581087775e-134,3.18307027900823e-157,8.85886001936607e-266,2.9763837150754e-133,4.38412847015044e-125,TRUE
"2530661",39.3375,3.4375,4.0626447101322e-105,1.68006025327227e-124,3.30094559204648e-208,1.81685045946178e-104,9.68493928758286e-86,TRUE
"2530662",39.3458333333333,3.4375,8.226478166143e-104,5.24639343729107e-123,1.35346641802116e-205,3.67894878738636e-103,1.00848700843349e-82,TRUE
"2530663",39.3541666666667,3.4375,1.14366469448737e-103,7.80220222931329e-123,2.61587574619848e-205,5.11456327187227e-103,1.32893624132465e-81,TRUE
"2530664",39.3625,3.4375,2.21508188781357e-103,1.70283636537699e-122,9.81293604626776e-205,9.90602647193503e-103,9.78190189680574e-87,TRUE
"2530665",39.3708333333333,3.4375,2.11447295677723e-104,1.15514128641668e-123,8.9417867638731e-207,9.45610213770616e-104,1.56207238458132e-88,TRUE
"2530666",39.3791666666667,3.4375,4.09694874769896e-104,2.44209858909598e-123,3.35691972279512e-206,1.8321898708363e-103,1.00389212161665e-84,TRUE
"2530667",39.3875,3.4375,1.55778740032508e-103,1.14697556034117e-122,4.85328528787132e-205,6.96655243852461e-103,5.89307109790175e-92,TRUE
"2530668",39.3958333333333,3.4375,4.03840086007869e-104,2.48057018662037e-123,3.26165908769551e-206,1.80600639193097e-103,2.23322757265313e-92,TRUE
"2530669",39.4041666666667,3.4375,1.08969106888294e-103,7.86336514068159e-123,2.37479587536387e-205,4.87318774044657e-103,4.86773155668109e-92,TRUE
"2530670",39.4125,3.4375,7.4081549866724e-105,3.67175035202658e-124,1.09759075229502e-207,3.3129907218328e-104,3.44107423801893e-83,TRUE
"2530671",39.4208333333333,3.4375,2.35955583660342e-108,3.69133677961508e-128,1.11348128228553e-214,1.05521622537067e-107,5.86808675220277e-91,TRUE
"2530672",39.4291666666667,3.4375,3.25810603837588e-131,3.00751327198123e-154,2.12304393574792e-260,1.45706689474022e-130,5.70839595133956e-109,TRUE
"2530673",39.4375,3.4375,1.68013968906708e-123,1.87208318152149e-145,5.64570652701589e-245,7.51379167066528e-123,6.38162191308908e-109,TRUE
"2530674",39.4458333333333,3.4375,1.3231359079875e-113,3.75644251140719e-134,3.50133579074895e-225,5.91720862463793e-113,5.19148310031415e-98,TRUE
"2530675",39.4541666666667,3.4375,3.04173513135481e-132,2.08127855494218e-155,1.85042497822035e-262,1.36030326700348e-131,1.15535553059188e-117,TRUE
"2530676",39.4625,3.4375,4.46969902453802e-146,3.51834489886002e-171,3.99563740503692e-290,1.99890905371828e-145,1.86506209123842e-139,TRUE
"2530677",39.4708333333333,3.4375,1.4451863406734e-141,4.97586665057518e-166,4.17712061008811e-281,6.46306476069064e-141,2.55546511467771e-134,TRUE
"2530678",39.4791666666667,3.4375,4.09524139904957e-140,2.26016325695096e-164,3.35419457794695e-278,1.83144603468051e-139,5.13686708733176e-133,TRUE
"2530679",39.4875,3.4375,2.43489531724987e-144,3.48537957528733e-169,1.1857415296901e-286,1.08891759545436e-143,3.50142855879157e-136,TRUE
"2530680",39.4958333333333,3.4375,5.00231439655678e-135,1.46621891662616e-158,5.00461707490062e-268,2.2371001486077e-134,5.18395200502534e-123,TRUE
"2530681",39.5041666666667,3.4375,3.45888190397385e-128,9.37756828703352e-151,2.39276283044736e-254,1.54685578851015e-127,1.53756206233569e-107,TRUE
"2530682",39.5125,3.4375,5.74598654567281e-124,6.18895543468821e-146,6.60323480120371e-246,2.56967601094062e-123,8.57269093517569e-109,TRUE
"2530683",39.5208333333333,3.4375,9.94865880771307e-119,5.94876124645991e-140,1.97949974607361e-235,4.44915693820032e-118,6.52944877423192e-105,TRUE
"2530684",39.5291666666667,3.4375,1.25874903021321e-120,4.08215835907704e-142,3.16887454100051e-239,5.6292757447122e-120,5.57637204921598e-103,TRUE
"2530685",39.5375,3.4375,9.33871538514277e-120,4.1674397256157e-141,1.74421834259274e-237,4.17638401322572e-119,1.18918706553445e-110,TRUE
"2530686",39.5458333333333,3.4375,1.28816679415121e-119,5.9967385661671e-141,3.31872056661924e-237,5.76083376484623e-119,1.7130261414941e-109,TRUE
"2530687",39.5541666666667,3.4375,5.48176373602878e-124,6.29407403442038e-146,6.00991191233942e-246,2.45151216850731e-123,2.39088654018499e-115,TRUE
"2530688",39.5625,3.4375,2.13990860493633e-130,3.08215295453114e-153,9.15838449551555e-259,9.56994487733109e-130,7.32530117845039e-122,TRUE
"2530689",39.5708333333333,3.4375,9.48371049892282e-134,4.61788412568189e-157,1.798810104239e-265,4.24123814969049e-133,6.7551737965e-120,TRUE
"2532485",39.3375,3.42916666666667,9.00212516316572e-103,7.70242654531934e-122,1.62072439196844e-203,4.02582214208283e-102,9.33889826588764e-76,TRUE
"2532486",39.3458333333333,3.42916666666667,1.74329590344767e-102,1.65521420630463e-121,6.07800423085476e-203,7.79615561084741e-102,4.3616761123727e-86,TRUE
"2532487",39.3541666666667,3.42916666666667,6.6246517773269e-102,7.62418132109156e-121,8.77696567679791e-202,2.96259441652041e-101,2.90093711371591e-87,TRUE
"2532488",39.3625,3.42916666666667,1.22860908068339e-102,1.15666154711155e-121,3.01888284913736e-203,5.49443613953003e-102,7.81676401157962e-92,TRUE
"2532489",39.3708333333333,3.42916666666667,3.19085017754188e-103,2.44651729906122e-122,2.0362543978786e-204,1.42697386026465e-102,7.93592748922233e-91,TRUE
"2532490",39.3791666666667,3.42916666666667,2.26955424884506e-103,1.650992735084e-122,1.03015053632385e-204,1.01496331772328e-102,2.0237697291843e-92,TRUE
"2532491",39.3875,3.42916666666667,1.67965281761025e-102,1.67057058035958e-121,5.64232018983651e-203,7.5115379183204e-102,1.44014426697138e-91,TRUE
"2532492",39.3958333333333,3.42916666666667,6.35944654046963e-102,7.84232477620331e-121,8.08828686868969e-202,2.8439913622741e-101,6.5424989179847e-89,TRUE
"2532493",39.4041666666667,3.42916666666667,2.3024333363856e-102,2.45168020093611e-121,1.06021108517336e-202,1.02966552101804e-101,4.99838411882035e-76,TRUE
"2532494",39.4125,3.42916666666667,1.55815391854977e-103,1.13974373528906e-122,4.85556791321427e-205,6.96819052065475e-103,1.84636093641418e-89,TRUE
"2532495",39.4208333333333,3.42916666666667,1.89522627408144e-106,5.36682752003269e-126,7.18362307114855e-211,8.47562568259627e-106,4.96488684877292e-92,TRUE
"2532496",39.4291666666667,3.42916666666667,8.13779511998788e-126,4.19628962586151e-148,1.32446791343637e-249,3.63932399414558e-125,9.98509902171716e-116,TRUE
"2532497",39.4375,3.42916666666667,2.58866660908689e-129,4.29890218283296e-152,1.34023388042542e-256,1.15768470682886e-128,6.0717631588799e-122,TRUE
"2532498",39.4458333333333,3.42916666666667,5.40530494612945e-112,2.54589548018804e-132,5.84338750823194e-222,2.41730997355158e-111,2.00508505037267e-102,TRUE
"2532499",39.4541666666667,3.42916666666667,9.88421330889443e-121,2.68800641255654e-142,1.95393957768601e-239,4.42033887579449e-120,2.27830847359637e-108,TRUE
"2532500",39.4625,3.42916666666667,5.52966922465894e-134,2.10811716194073e-157,6.11543179235285e-266,2.47293990876302e-133,6.4985047846933e-114,TRUE
"2532501",39.4708333333333,3.42916666666667,7.65105657250962e-134,3.07384152139045e-157,1.1707701255696e-265,3.4216518314545e-133,2.28538697626963e-124,TRUE
"2532502",39.4791666666667,3.42916666666667,2.19765150277741e-147,1.13006669435958e-172,9.65933444906926e-293,9.82819131329323e-147,6.01971469662247e-138,TRUE
"2532503",39.4875,3.42916666666667,8.83341870660187e-138,1.01498053975106e-161,1.56058250559339e-273,3.95042087073439e-137,3.56524880962878e-131,TRUE
"2532504",39.4958333333333,3.42916666666667,1.81746406045516e-128,4.42247253678854e-151,6.60632441625513e-255,8.12792988174426e-128,4.72943579577064e-114,TRUE
"2532505",39.5041666666667,3.42916666666667,5.62262518718195e-125,4.16830056027639e-147,6.32274922203284e-248,2.51450774944776e-124,8.70393740355719e-114,TRUE
"2532506",39.5125,3.42916666666667,1.01609944113245e-118,5.83185691631399e-140,2.06489902219237e-235,4.54411600005147e-118,1.68298408342865e-107,TRUE
"2532507",39.5208333333333,3.42916666666667,6.90511778807513e-120,2.75632845091913e-141,9.53605682153874e-238,3.08805065074049e-119,5.04044417418267e-110,TRUE
"2532508",39.5291666666667,3.42916666666667,4.36698009635849e-115,8.36070074552937e-136,3.81406215287414e-228,1.95296240436782e-114,2.6455032286031e-104,TRUE
"2532509",39.5375,3.42916666666667,2.11537196123167e-116,2.67806486097676e-137,8.94950893810864e-231,9.46018442637808e-116,1.45227916940393e-102,TRUE
"2532510",39.5458333333333,3.42916666666667,1.06876121882381e-116,1.25234124962149e-137,2.28447861441438e-231,4.77962196665634e-116,6.84815516454333e-107,TRUE
"2532511",39.5541666666667,3.42916666666667,3.10054975308366e-122,6.0287048663162e-144,1.92266897376574e-242,1.38660339454573e-121,2.64739140159918e-112,TRUE
"2532512",39.5625,3.42916666666667,3.15225872538569e-129,6.57514028569562e-152,1.98733924444566e-256,1.40973020271457e-128,6.26947536451062e-121,TRUE
"2534309",39.3375,3.42083333333333,1.91375588997627e-101,2.42048383786823e-120,7.32472211548838e-201,8.55845904090706e-101,7.44559130753536e-90,TRUE
"2534310",39.3458333333333,3.42083333333333,3.70448691741622e-101,5.20161365475236e-120,2.74456902768706e-200,1.65667408613978e-100,2.35733681214065e-90,TRUE
"2534311",39.3541666666667,3.42083333333333,5.11872616627544e-101,7.74189955151896e-120,5.24012142096776e-200,2.28913114979631e-100,8.17529032341923e-90,TRUE
"2534312",39.3625,3.42083333333333,1.85344571903281e-101,2.41613119920056e-120,6.87033426770724e-201,8.28874795593836e-101,5.7480312568299e-91,TRUE
"2534313",39.3708333333333,3.42083333333333,6.72034624224135e-102,7.76444004996557e-121,9.03237016068017e-202,3.00539018443199e-101,3.20974574241118e-91,TRUE
"2534314",39.3791666666667,3.42083333333333,6.6790843285177e-102,7.78351312454843e-121,8.92179608191479e-202,2.98693757583161e-101,1.40012889380901e-91,TRUE
"2534315",39.3875,3.42083333333333,1.81042932175687e-101,2.46049797660675e-120,6.55512467871011e-201,8.09637244617002e-101,1.29631067821054e-101,TRUE
"2534316",39.3958333333333,3.42083333333333,4.89801760872096e-101,7.68213632926362e-120,4.79797733046744e-200,2.19042857232721e-100,3.59022659032135e-101,TRUE
"2534317",39.4041666666667,3.42083333333333,4.85268998782487e-101,7.73968866128489e-120,4.70958260734347e-200,2.17015727709848e-100,3.55025159607142e-101,TRUE
"2534318",39.4125,3.42083333333333,5.38426623972778e-106,1.68628594922658e-125,5.79794872505615e-210,2.40789300531734e-105,2.98600437353944e-106,TRUE
"2534319",39.4208333333333,3.42083333333333,2.5700779996941e-115,3.7293601938352e-136,1.32104663372564e-228,1.14936792791762e-114,7.30123461952558e-116,TRUE
"2534320",39.4291666666667,3.42083333333333,3.68753324512276e-137,4.59188984447786e-161,2.71957472521569e-272,1.64911331485004e-136,3.18248337872495e-138,TRUE
"2534321",39.4375,3.42083333333333,4.30093808966777e-118,2.64552814911323e-139,3.6995829561266e-234,1.92342999771934e-117,1.17388879334231e-118,TRUE
"2534322",39.4458333333333,3.42083333333333,4.52261499853565e-109,5.46845415733994e-129,4.09074238017237e-216,2.02255837497274e-108,2.12520057432287e-109,TRUE
"2534323",39.4541666666667,3.42083333333333,6.6030413405368e-123,8.79644752113475e-145,8.71997854120155e-244,2.95296097861139e-122,1.38335497478992e-123,TRUE
"2534324",39.4625,3.42083333333333,5.80766381182931e-141,2.2414198739421e-165,6.7457808575509e-280,2.59726411008794e-140,3.98390840448542e-142,TRUE
"2534325",39.4708333333333,3.42083333333333,1.71427539000619e-138,1.50835266113121e-162,5.87746897059044e-275,7.66646526802962e-138,1.3801199000416e-139,TRUE
"2534326",39.4791666666667,3.42083333333333,1.34156222338804e-151,1.74728745075183e-177,3.59957575189641e-301,5.99964644949718e-151,4.68544519781855e-153,TRUE
"2534327",39.4875,3.42083333333333,1.12265592580136e-132,6.53274597080236e-156,2.5207052925025e-263,5.02066259820604e-132,1.3504222252297e-133,TRUE
"2534328",39.4958333333333,3.42083333333333,2.63461999024423e-120,8.64346124985853e-142,1.38823442356407e-238,1.17823360313822e-119,7.58888752174289e-121,TRUE
"2534329",39.5041666666667,3.42083333333333,6.83484075739104e-121,1.88327413576632e-142,9.34294513837801e-240,3.05662315936689e-120,1.98879712679892e-121,TRUE
"2534330",39.5125,3.42083333333333,5.53169140982435e-118,3.9942171139903e-139,6.11986873093757e-234,2.47383684404157e-117,1.55338937128898e-118,TRUE
"2534331",39.5208333333333,3.42083333333333,3.19068375071825e-115,5.72829451176857e-136,2.03607064256764e-228,1.42690947245003e-114,9.61148416745759e-116,TRUE
"2534332",39.5291666666667,3.42083333333333,9.7189609067122e-120,4.04938871733503e-141,1.88914960451342e-237,4.34643486608671e-119,2.81185505036072e-120,TRUE
"2534333",39.5375,3.42083333333333,7.83236466263155e-117,8.50800643220345e-138,1.22690718781003e-231,3.50272349438266e-116,2.19671505563261e-117,TRUE
"2534334",39.5458333333333,3.42083333333333,3.46062565093687e-120,1.27818486121849e-141,2.39516789668684e-238,1.54763299806086e-119,1.0223951208176e-120,TRUE
"2534335",39.5541666666667,3.42083333333333,5.36084331534641e-125,4.2246862217595e-147,5.7476980744398e-248,2.3974357289487e-124,1.04179904930343e-125,TRUE
"2534336",39.5625,3.42083333333333,5.23495524310068e-133,3.13305807553101e-156,5.48093490025131e-264,2.34113965842521e-132,6.18540633777187e-134,TRUE
"2536133",39.3375,3.4125,2.8682485849883e-100,5.09640177206418e-119,1.64532113120734e-198,1.2827007177075e-99,2.18018405376568e-100,TRUE
"2536134",39.3458333333333,3.4125,5.55050536644882e-100,1.1149736812235e-118,6.16143422769093e-198,2.48222364578435e-99,4.28999504705184e-100,TRUE
"2536135",39.3541666666667,3.4125,5.501836096693e-100,1.1275808732047e-118,6.05385471743426e-198,2.46045823322288e-99,4.24893743161411e-100,TRUE
"2536136",39.3625,3.4125,1.99503320053989e-100,3.55295818554538e-119,7.96007853962866e-199,8.92192722433257e-100,1.50273626030133e-100,TRUE
"2536137",39.3708333333333,3.4125,1.35001889765912e-101,1.62895785712581e-120,3.64500240703617e-201,6.03738553269225e-101,9.55029409875096e-102,TRUE
"2536138",39.3791666666667,3.4125,1.40128892794224e-100,2.43493879501359e-119,3.92710663505887e-199,6.26666309534737e-100,1.04578616723971e-100,TRUE
"2536139",39.3875,3.4125,1.93826713286182e-100,3.51765670234787e-119,7.51353326109271e-199,8.6680639482486e-100,1.46006591965987e-100,TRUE
"2536140",39.3958333333333,3.4125,3.75717144178632e-100,7.60032248891547e-119,2.82318012264169e-198,1.68023216331604e-99,2.91813019154069e-100,TRUE
"2536141",39.4041666666667,3.4125,1.90384337773931e-100,3.59175375466051e-119,7.2490243936465e-199,8.51412026791171e-100,1.50025128511364e-100,TRUE
"2536142",39.4125,3.4125,5.53175039895441e-106,1.66248626751419e-125,6.11993100726322e-210,2.47384943100085e-105,3.29889572650728e-106,TRUE
"2536143",39.4208333333333,3.4125,5.26001655242159e-107,1.13442297920385e-126,5.53345134445222e-212,2.35232891927388e-106,2.93586872289511e-107,TRUE
"2536144",39.4291666666667,3.4125,2.61493575538882e-115,3.70813154419333e-136,1.36756363103428e-228,1.16942876270181e-114,9.02521326702131e-116,TRUE
"2536145",39.4375,3.4125,4.0141925822306e-105,1.69794649536476e-124,3.22267911291786e-208,1.79518219490888e-104,2.47441829109521e-105,TRUE
"2536146",39.4458333333333,3.4125,2.56216955842082e-115,3.81106463407007e-136,1.31292950796098e-228,1.14583136104794e-114,7.44213743803144e-116,TRUE
"2536147",39.4541666666667,3.4125,3.17745496591649e-148,1.10744502582246e-173,2.01924215826825e-294,1.42100040755386e-147,1.41975132960669e-149,TRUE
"2536148",39.4625,3.4125,1.84946948286017e-160,1.30012290133974e-187,6.84107996514082e-319,8.27108213303484e-160,4.66005643683754e-162,TRUE
"2536149",39.4708333333333,3.4125,3.69818373957665e-144,5.04400929960834e-169,2.73530922183403e-286,1.65387702742194e-143,2.13317423091463e-145,TRUE
"2536150",39.4791666666667,3.4125,9.17295094674403e-146,7.43869642288862e-171,1.68285872185407e-289,4.10226610771909e-145,4.7566462308687e-147,TRUE
"2536151",39.4875,3.4125,2.03284777053618e-119,8.48979395965996e-141,8.26487686688027e-237,9.09113681938638e-119,5.71728611496471e-120,TRUE
"2536152",39.4958333333333,3.4125,1.26695089488716e-122,1.90071005679384e-144,3.21030990910472e-243,5.66595967961714e-122,2.75102746058954e-123,TRUE
"2536153",39.5041666666667,3.4125,1.64425333913273e-131,1.4027213240086e-154,5.40712097251355e-261,7.3533128401514e-131,2.08162945617831e-132,TRUE
"2536154",39.5125,3.4125,4.26610769770537e-132,3.05710328524838e-155,3.63992389504615e-262,1.90785845781236e-131,5.18640981929521e-133,TRUE
"2536155",39.5208333333333,3.4125,1.19396765806277e-115,1.81288345230222e-136,2.85108824046927e-229,5.33955825932189e-115,3.49092424516664e-116,TRUE
"2536156",39.5291666666667,3.4125,6.02605180131146e-116,8.39556709731548e-137,7.26258661000267e-230,2.69491866482138e-115,1.78211360558051e-116,TRUE
"2536157",39.5375,3.4125,8.53536244855928e-123,1.31053987285834e-144,1.45703919700665e-243,3.81711828085881e-122,2.33072431735359e-123,TRUE
"2536158",39.5458333333333,3.4125,3.17851979657925e-130,4.43223678230618e-153,2.02059045612665e-258,1.42147474691837e-129,4.71104077809809e-131,TRUE
"2536159",39.5541666666667,3.4125,2.20703617120623e-138,2.23189376441805e-162,9.74199823781745e-275,9.87015614760853e-138,1.96018334515752e-139,TRUE
"2537957",39.3375,3.40416666666667,5.95183085505055e-99,1.62402618935602e-117,7.08463018208874e-196,2.66169686141919e-98,5.08709378307091e-99,TRUE
"2537958",39.3458333333333,3.40416666666667,5.88348605106656e-99,1.61996258682401e-117,6.9228537044368e-196,2.63113163951118e-98,5.00816774914594e-99,TRUE
"2537959",39.3541666666667,3.40416666666667,4.18514678507728e-99,1.10025083592667e-117,3.50297694079925e-196,1.87162414517425e-98,3.50549066862068e-99,TRUE
"2537960",39.3625,3.40416666666667,9.96158640957851e-102,1.13942343875413e-120,1.98461029726627e-201,4.45489651649313e-101,7.17410553973847e-102,TRUE
"2537961",39.3708333333333,3.40416666666667,6.74362622669835e-103,5.24898120861873e-122,9.09507403485866e-204,3.01580404450599e-102,4.54194070900913e-103,TRUE
"2537962",39.3791666666667,3.40416666666667,5.72134797123109e-99,1.59337283261733e-117,6.54655006498292e-196,2.55862268906201e-98,4.74987025655274e-99,TRUE
"2537963",39.3875,3.40416666666667,1.06060667304462e-99,2.38594244700418e-118,2.24970371566801e-197,4.74310416886243e-99,8.42709676173947e-100,TRUE
"2537964",39.3958333333333,3.40416666666667,5.61676246625443e-99,1.63077994145175e-117,6.30939715096591e-196,2.51185133934433e-98,4.62663206672782e-99,TRUE
"2537965",39.4041666666667,3.40416666666667,3.9743956653146e-99,1.12266885936363e-117,3.15906087980895e-196,1.77737471564354e-98,3.25983104018862e-99,TRUE
"2537966",39.4125,3.40416666666667,3.94804823465425e-99,1.09969975707196e-117,3.11731277821708e-196,1.76559133952823e-98,3.5426698229129e-99,TRUE
"2537967",39.4208333333333,3.40416666666667,3.59091094125055e-101,5.24072812493128e-120,2.57885657438627e-200,1.60588186812924e-100,2.8485932884032e-101,TRUE
"2537968",39.4291666666667,3.40416666666667,7.46875827482851e-107,1.68354623894513e-126,1.11562646588392e-211,3.34009949834421e-106,4.27417057274234e-107,TRUE
"2537969",39.4375,3.40416666666667,1.2341957420221e-102,1.14201554391737e-121,3.04640008381516e-203,5.51942033533881e-102,8.86011423060883e-103,TRUE
"2537970",39.4458333333333,3.40416666666667,5.54573429763849e-121,1.24695726860152e-142,6.15099333121729e-240,2.48011962034441e-120,1.53183206533053e-121,TRUE
"2537971",39.4541666666667,3.40416666666667,5.93824346086708e-165,9.11463505342849e-193,0,0,1.17318811781483e-166,TRUE
"2537972",39.4625,3.40416666666667,1.67475117632527e-163,4.20636229590262e-191,0,0,3.57445534584755e-165,TRUE
"2537973",39.4708333333333,3.40416666666667,8.94776838071092e-155,3.80432303810174e-181,1.60125026341366e-307,4.00156252408189e-154,2.61716134254768e-156,TRUE
"2537974",39.4791666666667,3.40416666666667,2.74000568867746e-136,4.57418530741206e-160,1.50152295756376e-270,1.22536645847834e-135,2.59878093631151e-137,TRUE
"2537975",39.4875,3.40416666666667,1.86537028188546e-114,3.7601681138831e-135,6.95913649464337e-227,8.34214390588137e-114,6.58535798132745e-115,TRUE
"2537976",39.4958333333333,3.40416666666667,4.43286024389102e-117,3.83092677498897e-138,3.93001506039142e-232,1.98242655863753e-116,1.19534823670255e-117,TRUE
"2537977",39.5041666666667,3.40416666666667,3.46404306637154e-130,4.31270859675523e-153,2.39991030969602e-258,1.54916439079138e-129,4.79803847939798e-131,TRUE
"2537978",39.5125,3.40416666666667,2.78761260352422e-127,9.1354124061101e-150,1.55415000314376e-252,1.2466555270578e-126,5.09147281653416e-128,TRUE
"2537979",39.5208333333333,3.40416666666667,4.15762271713136e-110,3.76542289694911e-130,3.45711249796547e-218,1.85933119641592e-109,2.07516375246067e-110,TRUE
"2537980",39.5291666666667,3.40416666666667,2.18517630971662e-132,1.42487717718116e-155,9.54996178636442e-263,9.77239059102962e-132,2.86489260389479e-133,TRUE
"2537981",39.5375,3.40416666666667,4.66015550843633e-145,5.16029675358546e-170,4.34340470218812e-288,2.08408366007416e-144,2.72676243870646e-146,TRUE
"2539781",39.3375,3.39583333333333,6.33046520871563e-98,2.36839700630657e-116,8.0146764376107e-194,2.83102038805988e-97,5.78707476374838e-98,TRUE
"2539782",39.3458333333333,3.39583333333333,6.2732245066115e-98,2.32356315768731e-116,7.87039364326675e-194,2.80542218627905e-97,5.69164037485233e-98,TRUE
"2539783",39.3541666666667,3.39583333333333,4.26891466519302e-99,1.10401678589815e-117,3.64460981714875e-196,1.90908612093555e-98,3.59498862544631e-99,TRUE
"2539784",39.3625,3.39583333333333,6.67155794368636e-104,3.55799262141297e-123,8.90173613525692e-206,2.98357774077649e-103,4.25272101190998e-104,TRUE
"2539785",39.3708333333333,3.39583333333333,6.61672306258072e-104,3.55087615476634e-123,8.75600904278339e-206,2.95905543083995e-103,4.18176865534583e-104,TRUE
"2539786",39.3791666666667,3.39583333333333,4.37839653177229e-98,1.63886359925121e-116,3.83394061554627e-194,1.95804510048831e-97,3.77861500202123e-98,TRUE
"2539787",39.3875,3.39583333333333,8.11825244701475e-99,2.35223539325277e-117,1.31807844113696e-195,3.63053500346293e-98,7.67041873212672e-99,TRUE
"2539788",39.3958333333333,3.39583333333333,3.09121232224489e-98,1.08510287481731e-116,1.91105350191582e-194,1.38240858718247e-97,2.9661044057958e-98,TRUE
"2539789",39.4041666666667,3.39583333333333,8.38397517475062e-98,3.51944075234993e-116,1.40577094145569e-193,3.74936120086567e-97,8.13797538920623e-98,TRUE
"2539790",39.4125,3.39583333333333,3.0404428337023e-98,1.09128985160542e-116,1.84879409518249e-194,1.35970367918252e-97,2.84905271456927e-98,TRUE
"2539791",39.4208333333333,3.39583333333333,2.63930934093806e-101,3.5753996079248e-120,1.39315220031679e-200,1.18031868591359e-100,2.06850188240703e-101,TRUE
"2539792",39.4291666666667,3.39583333333333,2.72765073222013e-100,5.23395994742833e-119,1.48797064894446e-198,1.21982402376099e-99,2.23896520719288e-100,TRUE
"2539793",39.4375,3.39583333333333,3.31789836100433e-103,2.46092240410939e-122,2.20163671704672e-204,1.48379133204326e-102,2.28659781629168e-103,TRUE
"2539794",39.4458333333333,3.39583333333333,7.04964794779534e-139,4.65481213528854e-163,9.93948981528611e-276,3.15269564266615e-138,5.76528276897622e-140,TRUE
"2539795",39.4541666666667,3.39583333333333,2.19464129162772e-173,2.19590215041015e-202,0,0,2.6829798065085e-175,TRUE
"2539796",39.4625,3.39583333333333,7.59802859876638e-152,7.74207971024297e-178,1.15459996834122e-301,3.39794050616137e-151,2.65116900068076e-153,TRUE
"2539797",39.4708333333333,3.39583333333333,3.73249027547895e-145,3.41184350140219e-170,2.78629362465669e-288,1.66921946569548e-144,1.99925874434274e-146,TRUE
"2539798",39.4791666666667,3.39583333333333,3.70847848668044e-122,5.89531887273535e-144,2.75054573806714e-242,1.65847693323336e-121,1.05387022849034e-122,TRUE
"2539799",39.4875,3.39583333333333,1.21988359743735e-109,1.16592332178736e-129,2.97618545207718e-217,5.45544265122197e-109,6.39243342182308e-110,TRUE
"2539800",39.4958333333333,3.39583333333333,1.69517121064373e-109,1.71940364558146e-129,5.74712103841252e-217,7.58097687531925e-109,8.79466651659546e-110,TRUE
"2539801",39.5041666666667,3.39583333333333,1.08554018212672e-119,3.95270560741899e-141,2.3567776167758e-237,4.85466540224535e-119,2.98866988905748e-120,TRUE
"2539802",39.5125,3.39583333333333,2.02900725857155e-112,7.97765504168556e-133,8.23363620205181e-223,9.07393861674841e-112,8.694619987667e-113,TRUE
"2539803",39.5208333333333,3.39583333333333,4.66529920621828e-108,7.96930914664196e-128,4.35292596615854e-214,2.08636669024372e-107,2.54259102700105e-108,TRUE
"2539804",39.5291666666667,3.39583333333333,1.05664199944889e-111,5.36582284350241e-132,2.23295418270488e-221,4.72541446087524e-111,4.62267589880138e-112,TRUE
"2541608",39.3625,3.3875,8.71297253934655e-106,2.40498697265496e-125,1.51828862506141e-209,3.89652232774484e-105,5.05039439319108e-106,TRUE
"2541609",39.3708333333333,3.3875,3.6236365809798e-103,2.39068990866034e-122,2.62608610080174e-204,1.62052031792315e-102,2.39167632501528e-103,TRUE
"2541610",39.3791666666667,3.3875,4.70215449537868e-97,2.38375546458526e-115,4.42189060419861e-192,2.10282919044763e-96,5.03858874303401e-97,TRUE
"2541611",39.3875,3.3875,1.7076540216121e-97,7.38703133663339e-116,5.83195443516878e-193,7.6367234041628e-97,1.75952853770515e-97,TRUE
"2541612",39.3958333333333,3.3875,2.36379716570332e-97,1.1048506839319e-115,1.11746716367446e-192,1.05710319443016e-96,2.42376008993761e-97,TRUE
"2541613",39.4041666666667,3.3875,4.60076836206578e-97,2.37049886543454e-115,4.23325584387675e-192,2.05748775060187e-96,4.70535875001462e-97,TRUE
"2541614",39.4125,3.3875,1.67429494276228e-97,7.43291545292434e-116,5.60632838959805e-193,7.48754191280293e-97,1.64382753300448e-97,TRUE
"2541615",39.4208333333333,3.3875,8.45017332746206e-98,3.51904695022842e-116,1.42805755651721e-193,3.7789648801189e-97,8.08188211937452e-98,TRUE
"2541616",39.4291666666667,3.3875,1.56863679076641e-98,5.14211848295971e-117,4.92107794724013e-195,7.01503952037344e-98,1.41714071624385e-98,TRUE
"2541617",39.4375,3.3875,1.88024472641842e-109,1.67640169342275e-129,7.0705343873985e-217,8.40864697046944e-109,9.04996628701899e-110,TRUE
"2541618",39.4458333333333,3.3875,3.34663229836287e-149,7.41403930937775e-175,2.23998771326239e-296,1.49665884999301e-148,1.40412295555221e-150,TRUE
"2541619",39.4541666666667,3.3875,1.00960592728446e-176,3.28016837943206e-206,0,0,1.02405077788317e-178,TRUE
"2541620",39.4625,3.3875,2.78369642399257e-145,2.28790200405656e-170,1.54979147957226e-288,1.24490621316317e-144,1.77671786929577e-146,TRUE
"2541621",39.4708333333333,3.3875,5.08987164231204e-131,4.21682655374412e-154,5.18134263676819e-260,2.2762562766016e-130,7.7800411645158e-132,TRUE
"2541622",39.4791666666667,3.3875,8.27671386028612e-112,3.73396237932252e-132,1.37006214997904e-221,3.70143505951278e-111,3.89762857321221e-112,TRUE
"2541623",39.4875,3.3875,2.79103839630872e-106,7.69526945529156e-126,1.55794841449263e-210,1.24817803797881e-105,1.76779151841977e-106,TRUE
"2541624",39.4958333333333,3.3875,2.84830049853781e-113,7.99700056082908e-134,1.62254447781239e-224,1.2737913792346e-112,1.18590922295956e-113,TRUE
"2541625",39.5041666666667,3.3875,5.58633004704372e-128,1.32352926288612e-150,6.24139208482353e-254,2.49827782378652e-127,9.52127714303888e-129,TRUE
"2541626",39.5125,3.3875,1.48944717850248e-112,5.50156523911584e-133,4.43685073724837e-223,6.66096895147273e-112,6.24858551985786e-113,TRUE
"2541627",39.5208333333333,3.3875,6.9894914497213e-107,1.70081034454713e-126,9.77041246996882e-212,3.12576590133823e-106,4.00373087012947e-107,TRUE
"2541628",39.5291666666667,3.3875,3.23463166591928e-109,3.69032893478186e-129,2.09253490418688e-216,1.44655967875054e-108,1.60193277270316e-109,TRUE
"2543438",39.4125,3.37916666666667,4.91186266460455e-96,3.50126146378643e-114,4.82508514143578e-190,2.19660764394459e-95,5.74711517812308e-96,TRUE
"2543439",39.4208333333333,3.37916666666667,9.1193319259204e-97,5.0402383384133e-115,1.66318032825024e-191,4.07821079427025e-96,1.00787147105728e-96,TRUE
"2543444",39.4625,3.37916666666667,1.02103551091539e-138,6.78944425077949e-163,2.08502337639513e-275,4.56620561998157e-138,9.62967840787548e-140,TRUE
"2543445",39.4708333333333,3.37916666666667,7.43705120092646e-123,8.43183694000158e-145,1.10618831876732e-243,3.32594094771287e-122,2.06679623154872e-123,TRUE
"2543446",39.4791666666667,3.37916666666667,5.66537483636421e-106,1.67596653095458e-125,6.41916773866669e-210,2.53360765286709e-105,3.6338149545164e-106,TRUE
"2543447",39.4875,3.37916666666667,3.28237048309108e-103,2.47253764364856e-122,2.15473816123011e-204,1.46790264024223e-102,2.40454824324991e-103,TRUE
"2543448",39.4958333333333,3.37916666666667,3.48528333658476e-109,3.63044248698189e-129,2.42940212161399e-216,1.55865394543304e-108,1.79265212933734e-109,TRUE
"2543449",39.5041666666667,3.37916666666667,2.06245522684267e-113,5.44750759302464e-134,8.50734521023663e-225,9.22352709663534e-113,8.19310984918778e-114,TRUE
"2543450",39.5125,3.37916666666667,2.53803115073372e-108,3.63141944436829e-128,1.2882984197112e-214,1.13503234302429e-107,1.33168246820517e-108,TRUE
"2543451",39.5208333333333,3.37916666666667,5.37936909816985e-106,1.71664911491448e-125,5.78740702839146e-210,2.40570302165323e-105,3.80429674774171e-106,TRUE
"2545268",39.4625,3.37083333333333,9.07538520956526e-127,2.78313449414619e-149,1.64724551049357e-251,4.05862724390104e-126,1.83904560222901e-127,TRUE
"2545269",39.4708333333333,3.37083333333333,2.84452555117815e-115,3.69857891508059e-136,1.61824918810698e-228,1.27210423633717e-114,1.12024841679457e-115,TRUE
"2545270",39.4791666666667,3.37083333333333,4.97802650791179e-102,5.19842211967384e-121,4.95602005983628e-202,2.22621204287379e-101,4.08798805447189e-102,TRUE
"2545271",39.4875,3.37083333333333,2.63129840003485e-101,3.51555892402668e-120,1.38470793655228e-200,1.17673613718296e-100,2.20922255544014e-101,TRUE
"2545272",39.4958333333333,3.37083333333333,6.79242595034224e-102,7.66090994151081e-121,9.22716408799265e-202,3.03762474443317e-101,5.43655738688661e-102,TRUE
"2545273",39.5041666666667,3.37083333333333,3.27992342771874e-103,2.4480545330798e-122,2.15152635978222e-204,1.46680822188254e-102,2.40359846328943e-103,TRUE
"2545274",39.5125,3.37083333333333,3.11099258994773e-104,1.65239559081162e-123,1.93561123208057e-206,1.39126245981144e-103,2.11059748711306e-104,TRUE
"2545275",39.5208333333333,3.37083333333333,2.94739711086065e-105,1.15163629716234e-124,1.73739312981207e-208,1.31810209385012e-104,2.19986951825568e-105,TRUE
"2547092",39.4625,3.3625,5.76668121680065e-115,7.93231559305514e-136,6.65085598740343e-228,2.57892535514377e-114,2.38369511687116e-115,TRUE
"2547093",39.4708333333333,3.3625,2.12338893782571e-107,3.53111825332872e-127,9.01740639627075e-213,9.49600252541602e-107,1.33172315404948e-107,TRUE
"2547094",39.4791666666667,3.3625,1.52125215912008e-99,3.55211525748139e-118,4.62827050722299e-197,6.80313935416804e-99,1.46050174611736e-99,TRUE
"2547095",39.4875,3.3625,2.81496452327722e-100,5.1941495587476e-119,1.58475690220697e-198,1.25887128103193e-99,2.55242811933336e-100,TRUE
"2547096",39.4958333333333,3.3625,1.90342645189938e-101,2.47559797604544e-120,7.24586673241807e-201,8.51226569863633e-101,1.59138537780674e-101,TRUE
"2547097",39.5041666666667,3.3625,1.799746142395e-102,1.65596148327086e-121,6.47800620852486e-203,8.04860622003889e-102,1.39793490646906e-102,TRUE
"2547098",39.5125,3.3625,3.34716418589135e-103,2.45790930257053e-122,2.24064813693945e-204,1.49687946640317e-102,2.43918420611873e-103,TRUE
"2547099",39.5208333333333,3.3625,8.64178069897408e-104,5.29911386487936e-123,1.49357276750766e-205,3.86467691729549e-103,6.94074407687218e-104,TRUE
"2548916",39.4625,3.35416666666667,1.71990061694068e-105,5.21246335212951e-125,5.91600035494118e-209,7.69155403994614e-105,1.21002971908764e-105,TRUE
"2548917",39.4708333333333,3.35416666666667,8.08146491082939e-100,1.62518719974936e-118,1.30616253287691e-197,3.61408706712624e-99,7.70369544261397e-100,TRUE
"2548918",39.4791666666667,3.35416666666667,2.28041747633688e-98,7.45699198962952e-117,1.04002506608253e-194,1.01981619230258e-97,2.31542351714182e-98,TRUE
"2548919",39.4875,3.35416666666667,2.15467342164151e-99,5.1980868145542e-118,9.28494618279461e-197,9.63584255931707e-99,2.03553896335218e-99,TRUE
"2548920",39.4958333333333,3.35416666666667,2.85886953616421e-100,5.08139705644462e-119,1.63457823677481e-198,1.27850625214537e-99,2.52126370667609e-100,TRUE
"2548921",39.5041666666667,3.35416666666667,3.78199734621708e-101,5.10113926634065e-120,2.8606216223057e-200,1.69133722903083e-100,3.1219942807515e-101,TRUE
"2548922",39.5125,3.35416666666667,1.91738820294609e-101,2.41421455256677e-120,7.35255874832924e-201,8.57470626221636e-101,1.71647226400563e-101,TRUE
"2550741",39.4708333333333,3.34583333333333,2.47132849729127e-97,1.08170735311088e-115,1.22144913920157e-192,1.10519190152732e-96,2.60664547436864e-97,TRUE
"2550742",39.4791666666667,3.34583333333333,2.44439337535149e-97,1.09491797594898e-115,1.19496816516407e-192,1.09314599444176e-96,2.53058878615955e-97,TRUE
"2550743",39.4875,3.34583333333333,3.24031973995503e-98,1.10162368274987e-116,2.09986350523946e-194,1.44909057868701e-97,3.14230982220648e-98,TRUE
"2550744",39.4958333333333,3.34583333333333,1.17287613696498e-98,3.47724072137654e-117,2.75118572116537e-195,5.24517465978529e-98,1.16747716207066e-98,TRUE
"2550745",39.5041666666667,3.34583333333333,1.55147110859903e-99,3.4523668511779e-118,4.81397613409828e-197,6.9382823047915e-99,1.44574563702677e-99,TRUE
"2550746",39.5125,3.34583333333333,5.60838459187417e-100,1.09066359099155e-118,6.29060592386595e-198,2.5081080367213e-99,5.38620161926268e-100,TRUE
"2552565",39.4708333333333,3.3375,2.64792759658989e-96,1.59925221483368e-114,1.4022485020769e-190,1.18416574096572e-95,2.99425718338914e-96,TRUE
"2552566",39.4791666666667,3.3375,9.59559217660937e-97,5.1147810290843e-115,1.84143856230592e-191,4.29119862311909e-96,1.03929962741226e-96,TRUE
"2552567",39.4875,3.3375,6.80571003340954e-97,3.47981507669391e-115,9.26319950212485e-192,3.04355047635567e-96,7.68270420488463e-97,TRUE
"2552568",39.4958333333333,3.3375,3.44995793482955e-97,1.60482730471557e-115,2.38035490560928e-192,1.54283988333504e-96,3.75321673734418e-97,TRUE
"2552569",39.5041666666667,3.3375,3.26170118202376e-98,1.10527060270759e-116,2.12766702638151e-194,1.45865246936394e-97,3.49704269460489e-98,TRUE
"2554390",39.4791666666667,3.32916666666667,1.03298415243807e-95,7.36299050084551e-114,2.13402837240207e-189,4.61955449410662e-95,1.22535266654741e-95,TRUE
"2554391",39.4875,3.32916666666667,7.29577461118045e-96,5.03124876507982e-114,1.06452353841926e-189,3.26270369236813e-95,8.94427552173905e-96,TRUE
"2554392",39.4958333333333,3.32916666666667,5.16952293976999e-96,3.42618067386594e-114,5.34458037522803e-190,2.31183485033599e-95,6.15965057455778e-96,TRUE
"2554393",39.5041666666667,3.32916666666667,6.84565208940106e-97,3.47155181407306e-115,9.37224459790477e-192,3.06141219013461e-96,7.97155639087734e-97,TRUE
